01974d40-b3fb-7208-8bea-db09ecce193f,"Ranting 1"
01974d40-bdf9-717d-9af9-fd5c294fa5ed,"Ranting 2"
01974d5e-2cf3-7080-8ed2-50e7c06970d2,a
01974d5e-3660-7249-a8c7-be25047a58ad,s
01974d5e-3f8c-73ad-add7-61d7f8326c87,d
01974d5e-47ad-7042-985f-5df6faca9e76,f
01974d5e-53e2-73bf-85c7-0268aed97471,g
01974d5e-5fe6-70aa-8ade-c6307e8805e0,q
01974d5e-73c1-7221-a03a-caa1339e946a,w
01974d5e-7fbd-716a-b3e2-9891d0eb8b22,e
01974d5e-9383-7381-a009-2d0e6040d85f,r
01974d5e-a72f-70be-9ae8-c40b4fae7443,t
01974d5e-c7fd-733b-acb3-dff7b50d7aa4,v
